id;shop_id;user_id;link_shop;name;product;follow;following;rate;address;version;error_msg;error;create_date;update_date
1;mobile Fish;Home Loan Account Table Computer;Trace;Savings Account alarm;Tasty Metal Bacon;red Chips Soap;Home Loan Account;web-readiness;Namibia;Steel zero administration;Multi-channelled Licensed;grey Cambridgeshire;2019-10-13T04:46:10;2019-10-13T07:47:07
2;HDD;Table Small Frozen Sausages Planner;envisioneer Music Public-key;infomediaries;Investment Account;Games Regional Digitized;copy convergence;Mayotte;Industrial;connect Markets Chief;capacitor archive;sky blue Tasty Plastic Pizza;2019-10-13T09:39:33;2019-10-13T01:03:07
3;South Georgia and the South Sandwich Islands;compelling mission-critical;bifurcated scalable;Small;deliverables reinvent 24 hour;overriding;monitor 1080p Checking Account;world-class Frozen IB;Highway Ergonomic;moratorium moratorium;New York tangible Mississippi;Frozen bus;2019-10-13T00:43:43;2019-10-13T01:39:58
4;Robust Networked;Poland;Small partnerships;Outdoors;Harbor Montana;Corporate Phased relationships;white Brand Money Market Account;Salad Web virtual;Refined Squares;maroon;EXE projection Fresh;support Gorgeous;2019-10-13T13:31:01;2019-10-13T03:26:35
5;Jewelery cutting-edge;Games;Iraq Bedfordshire;Concrete 24/7 Directives;sky blue;Kenyan Shilling robust;Versatile Exclusive Moroccan Dirham;capability zero tolerance Computers;Analyst paradigms;encompassing;deposit Canadian Dollar Lebanon;Designer Persistent;2019-10-13T02:51:23;2019-10-13T17:02:49
6;24/7 Re-contextualized cross-platform;invoice withdrawal;bypassing optical;installation;Argentine Peso;Kentucky Algerian Dinar Clothing;open-source turn-key;Sausages;disintermediate Cambridgeshire hacking;bricks-and-clicks Concrete Global;Fiji Dollar Profound Bacon;Macao Equatorial Guinea Vision-oriented;2019-10-13T16:45:10;2019-10-12T19:49:03
7;Virginia THX pink;cross-media;programming SCSI drive;invoice Unbranded Cheese;New Zealand Dollar Alabama transform;invoice Home Gloves;Buckinghamshire Ports;Devolved driver Networked;Fish;payment calculating;local area network Benin;turn-key dedicated;2019-10-13T13:07:54;2019-10-13T04:49:50
8;Coordinator Cambridgeshire Investor;cross-platform Borders;Libyan Dinar CSS;sensor;Alaska;deposit Chips Applications;uniform PCI back up;Tactics architectures Planner;Facilitator Incredible functionalities;compressing;Bedfordshire;Maryland Configuration;2019-10-13T02:16:58;2019-10-12T20:40:02
9;Ergonomic Concrete Soap Zambian Kwacha;Concrete Bedfordshire;portal calculating Metal;real-time discrete redundant;Synergistic Personal Loan Account Sleek;Borders;olive Handcrafted Cotton Bacon Unbranded Fresh Pants;incubate;interfaces;Garden Dale Wallis and Futuna;generating;Computers Small Fresh Gloves back-end;2019-10-13T15:56:17;2019-10-13T11:08:52
10;synthesizing composite;Investment Account Refined Intelligent Granite Shirt;Philippine Peso Metal;Strategist;card Licensed Cotton Ball;mindshare Gorgeous;Chips;navigating;Som Rustic Frozen Keyboard ROI;Benin;Tuna Response invoice;alarm Jamaica;2019-10-13T04:18:22;2019-10-13T01:28:00
