id;username;password;token;name;message;status;create_date;update_date
1;Chilean Peso Unidades de fomento Checking Account;invoice Outdoors New York;multi-byte Jamaican Dollar North Carolina;Station;parsing Investment Account;Branding Dynamic black;2019-10-17T15:18:21;2019-10-17T11:49:14
2;utilize;Generic;robust withdrawal generate;Garden open-source hybrid;Solomon Islands Dollar;Personal Loan Account HTTP;2019-10-16T23:19:45;2019-10-17T06:56:24
3;Specialist China deliverables;multi-byte Producer;Cotton Robust;user-centric Infrastructure;Managed Dobra application;Fantastic;2019-10-16T19:18:34;2019-10-17T04:08:49
4;Buckinghamshire monetize;Direct;Small Frozen Salad bypassing;time-frame Quality;Borders Borders Practical;methodical;2019-10-17T09:04:58;2019-10-17T03:40:55
5;ivory Data neural;Unbranded;Associate Designer;mindshare;Guam bandwidth Liaison;program Auto Loan Account Refined;2019-10-17T14:57:07;2019-10-17T06:44:40
6;Centralized revolutionize International;Sleek;Visionary;exploit transition;User-centric Principal Pennsylvania;repurpose Sleek;2019-10-16T22:19:09;2019-10-17T07:53:56
7;system Triple-buffered;Cotton;Advanced grow;Handmade Wooden Cheese Fresh;input Naira;Markets;2019-10-17T07:58:26;2019-10-17T05:30:20
8;Refined;Mandatory Assistant;Strategist;Incredible Fresh Car Tuvalu;Senior Optional Yemeni Rial;Central African Republic;2019-10-17T01:51:55;2019-10-17T11:46:02
9;heuristic Orchestrator Naira;Legacy Unbranded Plastic Chips;Unbranded Cotton Table Generic B2B;olive;facilitate Persevering;Fantastic;2019-10-16T17:35:07;2019-10-17T10:43:55
10;Ridges Beauty dynamic;multi-byte Pound Sterling;Frozen;parsing;models New Mexico District;Accountability;2019-10-16T20:11:07;2019-10-17T03:43:57
